{
	"description": "项目配置文件",
	"packOptions": {
		"ignore": []
	},
	"setting": {
		"urlCheck": true,
		"es6": true,
		"postcss": true,
		"preloadBackgroundData": false,
		"minified": true,
		"newFeature": true,
		"autoAudits": false,
		"coverView": true,
		"showShadowRootInWxmlPanel": true,
		"scopeDataCheck": false
	},
	"compileType": "miniprogram",
	"libVersion": "2.10.1",
	"appid": "wxe542c2ad7cd91b9d",
	"projectname": "%E5%BE%AE%E4%BF%A1%E5%B0%8F%E7%A8%8B%E5%BA%8F",
	"debugOptions": {
		"hidedInDevtools": []
	},
	"isGameTourist": false,
	"simulatorType": "wechat",
	"simulatorPluginLibVersion": {},
	"condition": {
		"search": {
			"current": -1,
			"list": []
		},
		"conversation": {
			"current": -1,
			"list": []
		},
		"plugin": {
			"current": -1,
			"list": []
		},
		"game": {
			"currentL": -1,
			"list": []
		},
		"gamePlugin": {
			"current": -1,
			"list": []
		},
		"miniprogram": {
			"current": -1,
			"list": [
				{
					"id": -1,
					"name": "pages/posts/posts",
					"pathName": "pages/posts/posts",
					"query": "",
					"scene": null
				},
				{
					"id": 1,
					"name": "pages/posts/posts-detail/posts-detail",
					"pathName": "pages/posts/posts-detail/posts-detail",
					"query": "id=0",
					"scene": null
				}
			]
		}
	}
}